Teegan	Meyer	Zachery	1988-05-01	Male
Hayden	Trevino	Kuame	1993-03-09	Female
Ethan	Shields	Louis	1995-01-12	Male
Reece	Mccall	Joshua	1996-07-16	Female
Tyrone	Norton	Zachary	1995-02-21	Female
Howard	Wiggins	Felix	1995-08-11	Female
Kamal	Levy	Isaac	2001-04-19	Male
Kaye	Snow	Carter	1993-02-02	Female
Leroy	James	Byron	1992-04-21	Female
Scott	Knapp	Kenyon	1988-07-05	Male
Constance	Benton	Armand	1987-05-09	Female
Brady	Whitaker	Tad	1999-12-13	Female
Kirk	Rowe	Valentine	1991-08-26	Female
Zahir	Lester	Hashim	1995-05-27	Male
Tamara	Love	Jarrod	1988-08-05	Male
Zoe	Maxwell	Dustin	1985-10-21	Male
Charity	Sanders	Dean	1998-02-09	Female
Portia	Sharpe	Xavier	1993-10-23	Male
Boris	Terry	Keefe	1985-09-09	Male
Kaye	Reese	Herrod	1998-09-13	Female
Hakeem	Sanders	Hu	1986-02-22	Female
Chester	Swanson	Zeus	1985-11-17	Female
Mary	Santana	Chaim	1993-07-21	Male
Laith	Mccormick	Wang	1986-10-01	Female
Tobias	Myers	Ali	1987-04-23	Male
Shay	Hyde	Oleg	1988-01-09	Female
Lillith	Hamilton	Amery	1997-12-11	Male
Lev	Monroe	Neville	1990-05-15	Female
Jesse	Lane	Jarrod	1985-11-11	Male
Danielle	Haney	Dennis	1989-09-25	Female
Maris	Butler	Mannix	1998-07-02	Male
Baxter	Griffith	Kasper	1986-01-17	Male
Porter	Holder	Craig	2001-03-09	Male
Yuri	Nichols	Zachary	1985-09-18	Female
Ulysses	Campos	Griffin	1992-02-10	Female
Christen	Meadows	Timon	1989-05-12	Male
Bethany	Trujillo	Thomas	1987-03-06	Male
Todd	Ramirez	Gareth	1987-05-02	Male
Shaeleigh	Jacobs	Zephania	1996-12-21	Male
Sydney	Summers	Trevor	1993-08-04	Female
Walker	Wyatt	Caldwell	1994-08-12	Male
Ezra	Craft	Driscoll	1998-02-24	Female
Bree	Collins	Coby	2000-07-22	Male
Luke	Suarez	Keefe	1994-07-14	Male
Kuame	Luna	Hammett	1986-08-03	Female
Justin	Hutchinson	Chaney	1993-11-12	Male
Isadora	Conley	Hedley	1993-01-18	Male
Rebecca	Fletcher	Hilel	1993-04-27	Male
Dustin	Atkinson	Neville	1988-10-08	Male
Rhonda	Harrington	Ignatius	1999-05-21	Male
Palmer	Evans	Grant	1997-11-20	Male
Noble	Dean	Keith	1987-04-16	Female
Branden	Wilson	Brody	1998-11-17	Male
Arden	Wade	Chase	1986-03-24	Male
Shoshana	Robbins	Drew	1997-06-12	Male
Alvin	Leonard	Tyler	1993-07-10	Male
Idola	Clarke	Duncan	1993-09-08	Female
Gareth	Lancaster	Barrett	2000-12-19	Male
Abigail	Graham	Lev	1989-07-21	Female
Sylvester	Hawkins	Mannix	1989-01-19	Male
Montana	Crane	Carson	1992-10-31	Male
Wanda	Rhodes	Declan	1992-06-26	Female
Jana	Sanders	Abraham	2000-06-07	Male
Sade	Dillard	Keefe	1995-03-03	Female
Hiroko	Patterson	Alexander	1989-01-28	Female
Marny	Irwin	Kyle	1999-04-08	Female
Vance	Kim	Salvador	1988-05-03	Male
Chava	Macias	Gregory	1989-09-25	Female
Orli	Barker	Keegan	1996-09-09	Female
Kermit	Delgado	Benjamin	1994-02-05	Female
Norman	Beach	Aristotle	1992-05-22	Female
Gray	Wong	Wang	1998-03-26	Female
Justina	Fry	Rooney	1987-01-24	Male
Haley	Larsen	Magee	1999-12-14	Male
Kareem	Flowers	Hop	1996-12-03	Female
Jolie	Cook	Kaseem	1986-05-25	Male
Tatiana	Benjamin	Vernon	1994-04-05	Male
Pamela	Roy	Gary	1986-04-01	Female
Samantha	Guzman	Leonard	1986-12-16	Male
Andrew	Lopez	Quamar	1997-03-27	Female
Bruce	Berry	Louis	1991-05-21	Male
Lesley	Cox	Paul	1997-04-06	Female
Steel	Osborn	Omar	1986-11-05	Female
Jayme	Atkins	Matthew	1994-12-15	Male
Perry	Pennington	Bert	1993-09-10	Female
Troy	Conner	Vladimir	1993-01-05	Female
Lawrence	Oneil	Lionel	1996-11-21	Male
Chantale	Colon	Brandon	1987-01-16	Female
Marny	Sutton	Raphael	1993-02-12	Male
Garth	Mcbride	Cody	1990-06-05	Male
Melyssa	Henderson	Aaron	1999-07-08	Female
Thaddeus	Peters	Bevis	1990-10-02	Male
Connor	Warren	Jin	1992-08-17	Female
Caleb	Haynes	Kevin	1993-12-16	Male
Yuri	Adams	Cody	1996-06-21	Male
Hayden	Witt	Wyatt	1996-08-26	Female
Gemma	Ingram	Howard	1990-05-24	Male
Amir	Adkins	Wayne	1988-01-27	Female
Grady	Castro	August	1987-07-26	Female
Colby	Montgomery	Judah	1998-01-14	Female
